<?xml version="1.0" encoding="utf-8" ?>
<dwsync>
<file name="MessagingCountries.php" server="textmarketingpros.com/public_html/" local="130962174407617277" remote="130961890200000000" Dst="0" />
<file name="MessagingCountry.php" server="textmarketingpros.com/public_html/" local="130962174408197310" remote="130961890200000000" Dst="0" />
<file name="PhoneNumberCountries.php" server="textmarketingpros.com/public_html/" local="130962174409767400" remote="130961890200000000" Dst="0" />
<file name="PhoneNumberCountry.php" server="textmarketingpros.com/public_html/" local="130962174410317432" remote="130961890200000000" Dst="0" />
<file name="VoiceCountries.php" server="textmarketingpros.com/public_html/" local="130962174411867520" remote="130961890200000000" Dst="0" />
<file name="VoiceCountry.php" server="textmarketingpros.com/public_html/" local="130962174412627564" remote="130961890200000000" Dst="0" />
<file name="VoiceNumber.php" server="textmarketingpros.com/public_html/" local="130962174413237599" remote="130961890200000000" Dst="0" />
<file name="VoiceNumbers.php" server="textmarketingpros.com/public_html/" local="130962174414087647" remote="130961890200000000" Dst="0" />
</dwsync>