<?xml version="1.0" encoding="utf-8" ?>
<dwsync>
<file name="Account.php" server="textmarketingpros.com/public_html/" local="130962174365334859" remote="130961889600000000" Dst="0" />
<file name="Accounts.php" server="textmarketingpros.com/public_html/" local="130962174365414863" remote="130961889600000000" Dst="0" />
<file name="Address.php" server="textmarketingpros.com/public_html/" local="130962174365524870" remote="130961889600000000" Dst="0" />
<file name="Addresses.php" server="textmarketingpros.com/public_html/" local="130962174365594874" remote="130961889600000000" Dst="0" />
<file name="Application.php" server="textmarketingpros.com/public_html/" local="130962174366014898" remote="130961889600000000" Dst="0" />
<file name="Applications.php" server="textmarketingpros.com/public_html/" local="130962174366104903" remote="130961889600000000" Dst="0" />
<file name="AuthorizedConnectApp.php" server="textmarketingpros.com/public_html/" local="130962174366184907" remote="130961889600000000" Dst="0" />
<file name="AuthorizedConnectApps.php" server="textmarketingpros.com/public_html/" local="130962174366274912" remote="130961889600000000" Dst="0" />
<file name="AvailablePhoneNumber.php" server="textmarketingpros.com/public_html/" local="130962174366374918" remote="130961889600000000" Dst="0" />
<file name="AvailablePhoneNumbers.php" server="textmarketingpros.com/public_html/" local="130962174366754940" remote="130961889600000000" Dst="0" />
<file name="Call.php" server="textmarketingpros.com/public_html/" local="130962174366864946" remote="130961889600000000" Dst="0" />
<file name="Calls.php" server="textmarketingpros.com/public_html/" local="130962174366964952" remote="130961889600000000" Dst="0" />
<file name="Conference.php" server="textmarketingpros.com/public_html/" local="130962174367034956" remote="130961889600000000" Dst="0" />
<file name="Conferences.php" server="textmarketingpros.com/public_html/" local="130962174367124961" remote="130961889600000000" Dst="0" />
<file name="ConnectApp.php" server="textmarketingpros.com/public_html/" local="130962174367244968" remote="130961889600000000" Dst="0" />
<file name="ConnectApps.php" server="textmarketingpros.com/public_html/" local="130962174367374975" remote="130961889600000000" Dst="0" />
<file name="Credential.php" server="textmarketingpros.com/public_html/" local="130962174367474981" remote="130961889600000000" Dst="0" />
<file name="CredentialList.php" server="textmarketingpros.com/public_html/" local="130962174367544985" remote="130961889600000000" Dst="0" />
<file name="CredentialListMapping.php" server="textmarketingpros.com/public_html/" local="130962174367634990" remote="130961889600000000" Dst="0" />
<file name="CredentialListMappings.php" server="textmarketingpros.com/public_html/" local="130962174368205023" remote="130961889600000000" Dst="0" />
<file name="CredentialLists.php" server="textmarketingpros.com/public_html/" local="130962174368315029" remote="130961889600000000" Dst="0" />
<file name="Credentials.php" server="textmarketingpros.com/public_html/" local="130962174368395034" remote="130961889600000000" Dst="0" />
<file name="DependentPhoneNumber.php" server="textmarketingpros.com/public_html/" local="130962174368725053" remote="130961889600000000" Dst="0" />
<file name="DependentPhoneNumbers.php" server="textmarketingpros.com/public_html/" local="130962174368815058" remote="130961889600000000" Dst="0" />
<file name="Domain.php" server="textmarketingpros.com/public_html/" local="130962174368885062" remote="130961889600000000" Dst="0" />
<file name="Domains.php" server="textmarketingpros.com/public_html/" local="130962174369015069" remote="130961889600000000" Dst="0" />
<file name="Feedback.php" server="textmarketingpros.com/public_html/" local="130962174369095074" remote="130961889600000000" Dst="0" />
<file name="FeedbackSummary.php" server="textmarketingpros.com/public_html/" local="130962174369185079" remote="130961889600000000" Dst="0" />
<file name="IncomingPhoneNumber.php" server="textmarketingpros.com/public_html/" local="130962174369295085" remote="130961889600000000" Dst="0" />
<file name="IncomingPhoneNumbers.php" server="textmarketingpros.com/public_html/" local="130962174369375090" remote="130961889600000000" Dst="0" />
<file name="IpAccessControlList.php" server="textmarketingpros.com/public_html/" local="130962174371005183" remote="130961889600000000" Dst="0" />
<file name="IpAccessControlListMapping.php" server="textmarketingpros.com/public_html/" local="130962174372275256" remote="130961889600000000" Dst="0" />
<file name="IpAccessControlListMappings.php" server="textmarketingpros.com/public_html/" local="130962174373695337" remote="130961889600000000" Dst="0" />
<file name="IpAccessControlLists.php" server="textmarketingpros.com/public_html/" local="130962174374705395" remote="130961889600000000" Dst="0" />
<file name="IpAddress.php" server="textmarketingpros.com/public_html/" local="130962174375715452" remote="130961889600000000" Dst="0" />
<file name="IpAddresses.php" server="textmarketingpros.com/public_html/" local="130962174376375490" remote="130961889600000000" Dst="0" />
<file name="Key.php" server="textmarketingpros.com/public_html/" local="130962174390256284" remote="130961889600000000" Dst="0" />
<file name="Keys.php" server="textmarketingpros.com/public_html/" local="130962174390836317" remote="130961890200000000" Dst="0" />
<file name="Media.php" server="textmarketingpros.com/public_html/" local="130962174393706481" remote="130961890200000000" Dst="0" />
<file name="MediaInstance.php" server="textmarketingpros.com/public_html/" local="130962174395486583" remote="130961890200000000" Dst="0" />
<file name="Member.php" server="textmarketingpros.com/public_html/" local="130962174396566645" remote="130961890200000000" Dst="0" />
<file name="Members.php" server="textmarketingpros.com/public_html/" local="130962174397396693" remote="130961890200000000" Dst="0" />
<file name="Message.php" server="textmarketingpros.com/public_html/" local="130962174398116734" remote="130961890200000000" Dst="0" />
<file name="Messages.php" server="textmarketingpros.com/public_html/" local="130962174398646764" remote="130961890200000000" Dst="0" />
<file name="Notification.php" server="textmarketingpros.com/public_html/" local="130962174402837004" remote="130961890200000000" Dst="0" />
<file name="Notifications.php" server="textmarketingpros.com/public_html/" local="130962174403767057" remote="130961890200000000" Dst="0" />
<file name="OutgoingCallerId.php" server="textmarketingpros.com/public_html/" local="130962174404347090" remote="130961890200000000" Dst="0" />
<file name="OutgoingCallerIds.php" server="textmarketingpros.com/public_html/" local="130962174404907122" remote="130961890200000000" Dst="0" />
<file name="Participant.php" server="textmarketingpros.com/public_html/" local="130962174406077189" remote="130961890200000000" Dst="0" />
<file name="Participants.php" server="textmarketingpros.com/public_html/" local="130962174406717226" remote="130961890200000000" Dst="0" />
<file name="Queue.php" server="textmarketingpros.com/public_html/" local="130962174414637679" remote="130961890200000000" Dst="0" />
<file name="Queues.php" server="textmarketingpros.com/public_html/" local="130962174416307774" remote="130961890200000000" Dst="0" />
<file name="Recording.php" server="textmarketingpros.com/public_html/" local="130962174417257829" remote="130961890200000000" Dst="0" />
<file name="Recordings.php" server="textmarketingpros.com/public_html/" local="130962174417837862" remote="130961890200000000" Dst="0" />
<file name="Sandbox.php" server="textmarketingpros.com/public_html/" local="130962174419097934" remote="130961890200000000" Dst="0" />
<file name="ShortCode.php" server="textmarketingpros.com/public_html/" local="130962174420117992" remote="130961890200000000" Dst="0" />
<file name="ShortCodes.php" server="textmarketingpros.com/public_html/" local="130962174420998042" remote="130961890200000000" Dst="0" />
<file name="Sip.php" server="textmarketingpros.com/public_html/" local="130962174422238113" remote="130961890200000000" Dst="0" />
<file name="SmsMessage.php" server="textmarketingpros.com/public_html/" local="130962174423138165" remote="130961890200000000" Dst="0" />
<file name="SmsMessages.php" server="textmarketingpros.com/public_html/" local="130962174423688196" remote="130961890200000000" Dst="0" />
<file name="Token.php" server="textmarketingpros.com/public_html/" local="130962174443539332" remote="130961890200000000" Dst="0" />
<file name="Tokens.php" server="textmarketingpros.com/public_html/" local="130962174444169368" remote="130961890200000000" Dst="0" />
<file name="Transcription.php" server="textmarketingpros.com/public_html/" local="130962174444689398" remote="130961890200000000" Dst="0" />
<file name="Transcriptions.php" server="textmarketingpros.com/public_html/" local="130962174445559447" remote="130961890200000000" Dst="0" />
<file name="UsageRecord.php" server="textmarketingpros.com/public_html/" local="130962174454129938" remote="130961890800000000" Dst="0" />
<file name="UsageRecords.php" server="textmarketingpros.com/public_html/" local="130962174454639967" remote="130961890800000000" Dst="0" />
<file name="UsageTrigger.php" server="textmarketingpros.com/public_html/" local="130962174455820034" remote="130961890800000000" Dst="0" />
<file name="UsageTriggers.php" server="textmarketingpros.com/public_html/" local="130962174456440070" remote="130961890800000000" Dst="0" />
</dwsync>