<?xml version="1.0" encoding="utf-8" ?>
<dwsync>
<file name="Channel.php" server="textmarketingpros.com/public_html/" local="130962174377065530" remote="130961889600000000" Dst="0" />
<file name="Channels.php" server="textmarketingpros.com/public_html/" local="130962174378425607" remote="130961889600000000" Dst="0" />
<file name="Credential.php" server="textmarketingpros.com/public_html/" local="130962174379165650" remote="130961889600000000" Dst="0" />
<file name="Credentials.php" server="textmarketingpros.com/public_html/" local="130962174380125705" remote="130961889600000000" Dst="0" />
<file name="Member.php" server="textmarketingpros.com/public_html/" local="130962174380755741" remote="130961889600000000" Dst="0" />
<file name="Members.php" server="textmarketingpros.com/public_html/" local="130962174381715796" remote="130961889600000000" Dst="0" />
<file name="Message.php" server="textmarketingpros.com/public_html/" local="130962174382725853" remote="130961889600000000" Dst="0" />
<file name="Messages.php" server="textmarketingpros.com/public_html/" local="130962174383365890" remote="130961889600000000" Dst="0" />
<file name="Role.php" server="textmarketingpros.com/public_html/" local="130962174384165936" remote="130961889600000000" Dst="0" />
<file name="Roles.php" server="textmarketingpros.com/public_html/" local="130962174385015984" remote="130961889600000000" Dst="0" />
<file name="Service.php" server="textmarketingpros.com/public_html/" local="130962174385956038" remote="130961889600000000" Dst="0" />
<file name="Services.php" server="textmarketingpros.com/public_html/" local="130962174387026099" remote="130961889600000000" Dst="0" />
<file name="User.php" server="textmarketingpros.com/public_html/" local="130962174387866147" remote="130961889600000000" Dst="0" />
<file name="Users.php" server="textmarketingpros.com/public_html/" local="130962174388826202" remote="130961889600000000" Dst="0" />
</dwsync>