<?xml version="1.0" encoding="utf-8" ?>
<dwsync>
<file name="Activities.php" server="textmarketingpros.com/public_html/" local="130962174426728370" remote="130961890200000000" Dst="0" />
<file name="Activity.php" server="textmarketingpros.com/public_html/" local="130962174427528416" remote="130961890200000000" Dst="0" />
<file name="Event.php" server="textmarketingpros.com/public_html/" local="130962174428298460" remote="130961890200000000" Dst="0" />
<file name="Events.php" server="textmarketingpros.com/public_html/" local="130962174428868493" remote="130961890200000000" Dst="0" />
<file name="Reservation.php" server="textmarketingpros.com/public_html/" local="130962174429388522" remote="130961890200000000" Dst="0" />
<file name="Reservations.php" server="textmarketingpros.com/public_html/" local="130962174429918553" remote="130961890200000000" Dst="0" />
<file name="Statistics.php" server="textmarketingpros.com/public_html/" local="130962174430748600" remote="130961890200000000" Dst="0" />
<file name="Task.php" server="textmarketingpros.com/public_html/" local="130962174431268630" remote="130961890200000000" Dst="0" />
<file name="TaskQueue.php" server="textmarketingpros.com/public_html/" local="130962174431838663" remote="130961890200000000" Dst="0" />
<file name="TaskQueues.php" server="textmarketingpros.com/public_html/" local="130962174432948726" remote="130961890200000000" Dst="0" />
<file name="TaskQueuesStatistics.php" server="textmarketingpros.com/public_html/" local="130962174433958784" remote="130961890200000000" Dst="0" />
<file name="TaskQueueStatistics.php" server="textmarketingpros.com/public_html/" local="130962174434918839" remote="130961890200000000" Dst="0" />
<file name="Tasks.php" server="textmarketingpros.com/public_html/" local="130962174435498872" remote="130961890200000000" Dst="0" />
<file name="Worker.php" server="textmarketingpros.com/public_html/" local="130962174436028902" remote="130961890200000000" Dst="0" />
<file name="Workers.php" server="textmarketingpros.com/public_html/" local="130962174436848949" remote="130961890200000000" Dst="0" />
<file name="WorkersStatistics.php" server="textmarketingpros.com/public_html/" local="130962174437508987" remote="130961890200000000" Dst="0" />
<file name="WorkerStatistics.php" server="textmarketingpros.com/public_html/" local="130962174438039017" remote="130961890200000000" Dst="0" />
<file name="Workflow.php" server="textmarketingpros.com/public_html/" local="130962174438839063" remote="130961890200000000" Dst="0" />
<file name="Workflows.php" server="textmarketingpros.com/public_html/" local="130962174439429097" remote="130961890200000000" Dst="0" />
<file name="WorkflowStatistics.php" server="textmarketingpros.com/public_html/" local="130962174439979128" remote="130961890200000000" Dst="0" />
<file name="Workspace.php" server="textmarketingpros.com/public_html/" local="130962174440759173" remote="130961890200000000" Dst="0" />
<file name="Workspaces.php" server="textmarketingpros.com/public_html/" local="130962174441819233" remote="130961890200000000" Dst="0" />
<file name="WorkspaceStatistics.php" server="textmarketingpros.com/public_html/" local="130962174442479271" remote="130961890200000000" Dst="0" />
</dwsync>