<?xml version="1.0" encoding="utf-8" ?>
<dwsync>
<file name="CredentialList.php" server="textmarketingpros.com/public_html/" local="130962174446119479" remote="130961890200000000" Dst="0" />
<file name="CredentialLists.php" server="textmarketingpros.com/public_html/" local="130962174446819519" remote="130961890800000000" Dst="0" />
<file name="IpAccessControlList.php" server="textmarketingpros.com/public_html/" local="130962174448269602" remote="130961890800000000" Dst="0" />
<file name="IpAccessControlLists.php" server="textmarketingpros.com/public_html/" local="130962174448809633" remote="130961890800000000" Dst="0" />
<file name="OriginationUrl.php" server="textmarketingpros.com/public_html/" local="130962174449639681" remote="130961890800000000" Dst="0" />
<file name="OriginationUrls.php" server="textmarketingpros.com/public_html/" local="130962174450259716" remote="130961890800000000" Dst="0" />
<file name="PhoneNumber.php" server="textmarketingpros.com/public_html/" local="130962174450789746" remote="130961890800000000" Dst="0" />
<file name="PhoneNumbers.php" server="textmarketingpros.com/public_html/" local="130962174451629795" remote="130961890800000000" Dst="0" />
<file name="Trunk.php" server="textmarketingpros.com/public_html/" local="130962174452629852" remote="130961890800000000" Dst="0" />
<file name="Trunks.php" server="textmarketingpros.com/public_html/" local="130962174453489901" remote="130961890800000000" Dst="0" />
</dwsync>